match_id,innings,over_number,runs_off_bat,extras,wicket_type,total_runs
1343941,1,0,7,1,7,8
1343941,1,1,1,0,6,1
1343941,1,2,0,0,6,0
1343941,1,3,9,0,6,9
1343941,1,4,13,0,6,13
1343941,1,5,10,0,6,10
1343941,1,6,2,2,8,4
1343941,1,7,5,0,6,5
1343941,1,8,6,0,6,6
1343941,1,9,2,0,6,2
1343941,1,10,5,0,6,5
1343941,1,11,17,2,8,19
1343941,1,12,4,0,6,4
1343941,1,13,11,1,7,12
1343941,1,14,6,0,6,6
1343941,1,15,0,1,7,1
1343941,1,16,9,0,6,9
1343941,1,17,17,0,6,17
1343941,1,18,2,0,6,2
1343941,1,19,9,0,6,9
1343941,2,0,2,1,6,3
1343941,2,1,4,0,6,4
1343941,2,2,13,0,6,13
1343941,2,3,7,0,6,7
1343941,2,4,4,0,6,4
1343941,2,5,16,0,6,16
1343941,2,6,7,0,6,7
1343941,2,7,4,0,6,4
1343941,2,8,13,1,7,14
1343941,2,9,10,1,6,11
1343941,2,10,7,0,6,7
1343941,2,11,8,0,6,8
1343941,2,12,10,0,6,10
1343941,2,13,12,0,6,12
1343941,2,14,15,0,6,15
1343941,2,15,8,0,3,8
1343942,1,0,3,0,6,3
1343942,1,1,3,0,6,3
1343942,1,2,2,0,6,2
1343942,1,3,6,0,6,6
1343942,1,4,10,0,6,10
1343942,1,5,3,0,6,3
1343942,1,6,5,0,6,5
1343942,1,7,7,0,6,7
1343942,1,8,3,0,6,3
1343942,1,9,16,0,6,16
1343942,1,10,12,0,6,12
1343942,1,11,8,0,6,8
1343942,1,12,10,1,7,11
1343942,1,13,10,0,6,10
1343942,1,14,16,1,7,17
1343942,1,15,15,0,6,15
1343942,1,16,15,2,8,17
1343942,1,17,10,2,7,12
1343942,1,18,17,1,7,18
1343942,1,19,12,0,6,12
1343942,2,0,12,0,6,12
1343942,2,1,15,1,7,16
1343942,2,2,2,0,6,2
1343942,2,3,9,1,6,10
1343942,2,4,3,0,6,3
1343942,2,5,21,1,7,22
1343942,2,6,4,0,6,4
1343942,2,7,8,0,6,8
1343942,2,8,5,0,6,5
1343942,2,9,7,0,6,7
1343942,2,10,8,1,6,9
1343942,2,11,9,0,6,9
1343942,2,12,15,0,6,15
1343942,2,13,4,0,6,4
1343942,2,14,5,0,6,5
1343942,2,15,4,0,6,4
1343942,2,16,9,1,6,10
1343942,2,17,7,1,6,8
1343942,2,18,14,3,9,17
1343942,2,19,3,1,6,4
1343943,1,0,13,0,6,13
1343943,1,1,2,0,6,2
1343943,1,2,6,0,6,6
1343943,1,3,12,1,6,13
1343943,1,4,14,0,6,14
1343943,1,5,9,0,6,9
1343943,1,6,6,1,6,7
1343943,1,7,4,0,6,4
1343943,1,8,10,0,6,10
1343943,1,9,6,0,6,6
1343943,1,10,6,1,6,7
1343943,1,11,8,3,7,11
1343943,1,12,6,0,6,6
1343943,1,13,12,0,6,12
1343943,1,14,9,0,6,9
1343943,1,15,9,0,6,9
1343943,1,16,11,1,7,12
1343943,1,17,10,1,7,11
1343943,1,18,12,0,6,12
1343943,1,19,20,0,6,20
1343943,2,0,2,0,6,2
1343943,2,1,0,0,6,0
1343943,2,2,13,0,6,13
1343943,2,3,6,0,6,6
1343943,2,4,0,0,6,0
1343943,2,5,7,0,6,7
1343943,2,6,2,0,6,2
1343943,2,7,5,1,6,6
1343943,2,8,13,0,6,13
1343943,2,9,14,1,7,15
1343943,2,10,9,0,6,9
1343943,2,11,9,0,6,9
1343943,2,12,8,0,6,8
1343943,2,13,5,0,6,5
1343943,2,14,12,0,6,12
1343943,2,15,14,0,6,14
1343943,2,16,14,0,6,14
1343943,2,17,9,0,6,9
1343943,2,18,7,1,6,8
1343943,2,19,18,0,6,18
1343944,1,0,4,0,6,4
1343944,1,1,2,0,6,2
1343944,1,2,3,0,6,3
1343944,1,3,1,0,6,1
1343944,1,4,6,0,6,6
1343944,1,5,1,0,6,1
1343944,1,6,13,1,7,14
1343944,1,7,4,0,6,4
1343944,1,8,5,1,7,6
1343944,1,9,3,0,6,3
1343944,1,10,6,0,6,6
1343944,1,11,4,1,7,5
1343944,1,12,3,0,6,3
1343944,1,13,9,1,6,10
1343944,1,14,5,0,6,5
1343944,1,15,2,0,6,2
1343944,1,16,4,0,6,4
1343944,1,17,2,0,2,2
1343944,2,0,5,0,6,5
1343944,2,1,1,0,6,1
1343944,2,2,10,0,6,10
1343944,2,3,11,1,7,12
1343944,2,4,9,0,6,9
1343944,2,5,10,0,6,10
1343944,2,6,4,0,6,4
1343944,2,7,6,0,6,6
1343944,2,8,11,0,6,11
1343944,2,9,9,0,6,9
1343944,2,10,5,0,3,5
1343945,1,0,3,1,7,4
1343945,1,1,4,0,6,4
1343945,1,2,6,0,6,6
1343945,1,3,9,1,7,10
1343945,1,4,13,0,6,13
1343945,1,5,7,0,6,7
1343945,1,6,1,0,6,1
1343945,1,7,7,0,6,7
1343945,1,8,4,0,6,4
1343945,1,9,2,0,6,2
1343945,1,10,5,0,6,5
1343945,1,11,1,1,7,2
1343945,1,12,19,0,6,19
1343945,1,13,16,1,6,17
1343945,1,14,3,1,6,4
1343945,1,15,2,0,6,2
1343945,1,16,4,0,6,4
1343945,1,17,13,0,6,13
1343945,1,18,13,0,6,13
1343945,1,19,14,1,7,15
1343945,2,0,3,0,6,3
1343945,2,1,15,0,6,15
1343945,2,2,11,0,6,11
1343945,2,3,6,6,7,12
1343945,2,4,10,2,7,12
1343945,2,5,6,1,6,7
1343945,2,6,2,0,6,2
1343945,2,7,5,1,6,6
1343945,2,8,5,0,6,5
1343945,2,9,12,0,6,12
1343945,2,10,14,0,6,14
1343945,2,11,13,0,6,13
1343945,2,12,8,0,6,8
1343945,2,13,9,1,7,10
1343945,2,14,1,1,6,2
1343945,2,15,10,0,6,10
1343945,2,16,12,0,3,12
1343946,1,0,13,0,6,13
1343946,1,1,2,0,6,2
1343946,1,2,11,0,6,11
1343946,1,3,6,4,6,10
1343946,1,4,10,1,7,11
1343946,1,5,12,1,6,13
1343946,1,6,6,0,6,6
1343946,1,7,9,0,6,9
1343946,1,8,12,0,6,12
1343946,1,9,9,0,6,9
1343946,1,10,10,1,7,11
1343946,1,11,19,0,6,19
1343946,1,12,23,1,6,24
1343946,1,13,8,1,7,9
1343946,1,14,9,0,6,9
1343946,1,15,10,1,7,11
1343946,1,16,8,1,7,9
1343946,1,17,2,0,6,2
1343946,1,18,11,0,6,11
1343946,1,19,14,1,7,15
1343946,2,0,9,0,6,9
1343946,2,1,7,0,6,7
1343946,2,2,7,0,6,7
1343946,2,3,7,0,6,7
1343946,2,4,15,1,7,16
1343946,2,5,3,1,7,4
1343946,2,6,11,0,6,11
1343946,2,7,10,0,6,10
1343946,2,8,11,0,6,11
1343946,2,9,5,0,6,5
1343946,2,10,6,0,6,6
1343946,2,11,8,0,6,8
1343946,2,12,3,0,6,3
1343946,2,13,5,0,6,5
1343946,2,14,10,0,6,10
1343946,2,15,13,0,6,13
1343946,2,16,13,2,6,15
1343946,2,17,18,0,6,18
1343946,2,18,8,0,6,8
1343946,2,19,6,0,6,6
1343947,1,0,8,0,6,8
1343947,1,1,7,2,8,9
1343947,1,2,2,5,7,7
1343947,1,3,2,0,6,2
1343947,1,4,5,0,6,5
1343947,1,5,3,0,6,3
1343947,1,6,5,0,6,5
1343947,1,7,4,0,6,4
1343947,1,8,5,0,6,5
1343947,1,9,5,0,6,5
1343947,1,10,3,0,6,3
1343947,1,11,3,0,6,3
1343947,1,12,8,1,7,9
1343947,1,13,2,5,7,7
1343947,1,14,3,1,7,4
1343947,1,15,4,0,6,4
1343947,1,16,1,0,6,1
1343947,1,17,3,0,6,3
1343947,1,18,12,0,6,12
1343947,1,19,4,2,8,6
1343947,2,0,7,0,6,7
1343947,2,1,8,2,8,10
1343947,2,2,10,0,6,10
1343947,2,3,2,0,6,2
1343947,2,4,11,0,6,11
1343947,2,5,3,0,6,3
1343947,2,6,2,4,6,6
1343947,2,7,15,0,6,15
1343947,2,8,1,0,6,1
1343947,2,9,6,1,7,7
1343947,2,10,2,1,6,3
1343947,2,11,2,0,6,2
1343947,2,12,7,0,6,7
1343947,2,13,3,0,6,3
1343947,2,14,9,1,7,10
1343947,2,15,5,1,7,6
1343947,2,16,4,0,2,4
1343948,1,0,9,0,6,9
1343948,1,1,2,2,7,4
1343948,1,2,10,0,6,10
1343948,1,3,18,0,6,18
1343948,1,4,17,0,6,17
1343948,1,5,5,0,6,5
1343948,1,6,6,5,7,11
1343948,1,7,11,0,6,11
1343948,1,8,5,0,6,5
1343948,1,9,8,1,6,9
1343948,1,10,7,1,7,8
1343948,1,11,17,0,6,17
1343948,1,12,8,1,6,9
1343948,1,13,12,2,8,14
1343948,1,14,5,0,6,5
1343948,1,15,10,0,6,10
1343948,1,16,11,0,6,11
1343948,1,17,8,1,7,9
1343948,1,18,7,1,6,8
1343948,1,19,26,0,6,26
1343948,2,0,3,0,6,3
1343948,2,1,12,0,6,12
1343948,2,2,3,0,6,3
1343948,2,3,4,0,6,4
1343948,2,4,15,0,6,15
1343948,2,5,14,4,6,18
1343948,2,6,3,0,6,3
1343948,2,7,5,0,6,5
1343948,2,8,5,1,7,6
1343948,2,9,5,0,6,5
1343948,2,10,15,2,7,17
1343948,2,11,9,0,6,9
1343948,2,12,12,1,7,13
1343948,2,13,5,0,6,5
1343948,2,14,17,0,6,17
1343948,2,15,6,4,9,10
1343948,2,16,17,1,7,18
1343948,2,17,12,2,8,14
1343948,2,18,7,0,6,7
1343948,2,19,5,0,6,5
1343949,1,0,8,1,7,9
1343949,1,1,2,0,6,2
1343949,1,2,1,0,6,1
1343949,1,3,9,0,6,9
1343949,1,4,5,4,6,9
1343949,1,5,1,5,7,6
1343949,1,6,5,0,6,5
1343949,1,7,5,0,6,5
1343949,1,8,4,0,6,4
1343949,1,9,3,0,6,3
1343949,1,10,11,0,6,11
1343949,1,11,5,0,6,5
1343949,1,12,11,0,6,11
1343949,1,13,14,0,6,14
1343949,1,14,17,0,6,17
1343949,1,15,4,0,6,4
1343949,1,16,10,0,6,10
1343949,1,17,12,0,6,12
1343949,1,18,7,0,6,7
1343949,1,19,13,1,7,14
1343949,2,0,9,0,6,9
1343949,2,1,0,0,6,0
1343949,2,2,4,0,6,4
1343949,2,3,9,0,6,9
1343949,2,4,11,0,6,11
1343949,2,5,16,0,6,16
1343949,2,6,4,0,6,4
1343949,2,7,4,0,6,4
1343949,2,8,6,5,7,11
1343949,2,9,5,1,6,6
1343949,2,10,15,0,6,15
1343949,2,11,12,0,6,12
1343949,2,12,5,0,6,5
1343949,2,13,3,0,6,3
1343949,2,14,11,0,6,11
1343949,2,15,3,0,6,3
1343949,2,16,5,1,7,6
1343949,2,17,12,0,6,12
1343949,2,18,12,1,7,13
1343949,2,19,8,0,3,8
1343950,1,0,1,0,6,1
1343950,1,1,2,6,11,8
1343950,1,2,4,0,6,4
1343950,1,3,13,0,6,13
1343950,1,4,8,1,6,9
1343950,1,5,8,0,6,8
1343950,1,6,14,0,6,14
1343950,1,7,5,0,6,5
1343950,1,8,5,0,6,5
1343950,1,9,5,0,6,5
1343950,1,10,8,5,6,13
1343950,1,11,6,0,6,6
1343950,1,12,9,0,6,9
1343950,1,13,9,2,7,11
1343950,1,14,8,0,6,8
1343950,1,15,12,0,6,12
1343950,1,16,8,1,7,9
1343950,1,17,6,0,6,6
1343950,1,18,11,1,6,12
1343950,1,19,11,0,6,11
1343950,2,0,4,0,6,4
1343950,2,1,13,0,6,13
1343950,2,2,5,0,6,5
1343950,2,3,5,1,7,6
1343950,2,4,1,0,6,1
1343950,2,5,7,1,6,8
1343950,2,6,4,0,6,4
1343950,2,7,9,0,6,9
1343950,2,8,4,0,6,4
1343950,2,9,14,0,6,14
1343950,2,10,9,2,8,11
1343950,2,11,5,0,6,5
1343950,2,12,8,0,6,8
1343950,2,13,12,0,6,12
1343950,2,14,8,1,7,9
1343950,2,15,6,0,6,6
1343950,2,16,13,0,6,13
1343950,2,17,4,1,7,5
1343950,2,18,12,2,8,14
1343950,2,19,6,2,7,8
1343951,1,0,1,0,6,1
1343951,1,1,3,2,7,5
1343951,1,2,1,0,6,1
1343951,1,3,14,0,6,14
1343951,1,4,10,0,6,10
1343951,1,5,11,1,6,12
1343951,1,6,2,0,6,2
1343951,1,7,3,0,6,3
1343951,1,8,10,0,6,10
1343951,1,9,4,0,6,4
1343951,1,10,3,0,6,3
1343951,1,11,13,0,6,13
1343951,1,12,16,0,6,16
1343951,1,13,11,0,6,11
1343951,1,14,10,0,6,10
1343951,1,15,2,1,6,3
1343951,1,16,8,0,6,8
1343951,1,17,8,3,8,11
1343951,1,18,21,0,6,21
1343951,1,19,10,0,6,10
1343951,2,0,9,0,6,9
1343951,2,1,7,0,6,7
1343951,2,2,14,0,6,14
1343951,2,3,8,0,6,8
1343951,2,4,10,1,7,11
1343951,2,5,6,2,8,8
1343951,2,6,6,0,6,6
1343951,2,7,3,0,6,3
1343951,2,8,6,0,6,6
1343951,2,9,12,0,6,12
1343951,2,10,8,1,7,9
1343951,2,11,1,0,6,1
1343951,2,12,4,0,6,4
1343951,2,13,19,0,6,19
1343951,2,14,10,0,6,10
1343951,2,15,5,1,7,6
1343951,2,16,8,0,6,8
1343951,2,17,6,1,7,7
1343951,2,18,11,0,6,11
1343951,2,19,3,0,6,3
1343952,1,0,3,0,6,3
1343952,1,1,4,0,6,4
1343952,1,2,7,0,6,7
1343952,1,3,14,0,6,14
1343952,1,4,10,0,6,10
1343952,1,5,8,0,6,8
1343952,1,6,6,0,6,6
1343952,1,7,10,0,6,10
1343952,1,8,5,0,6,5
1343952,1,9,10,0,6,10
1343952,1,10,16,0,6,16
1343952,1,11,8,0,6,8
1343952,1,12,7,1,7,8
1343952,1,13,3,0,6,3
1343952,1,14,8,1,6,9
1343952,1,15,2,0,6,2
1343952,1,16,6,2,7,8
1343952,1,17,8,1,7,9
1343952,1,18,8,0,6,8
1343952,1,19,23,0,6,23
1343952,2,0,13,1,7,14
1343952,2,1,3,2,8,5
1343952,2,2,16,0,6,16
1343952,2,3,1,1,7,2
1343952,2,4,3,0,6,3
1343952,2,5,4,1,7,5
1343952,2,6,2,1,7,3
1343952,2,7,9,0,6,9
1343952,2,8,2,0,6,2
1343952,2,9,6,0,6,6
1343952,2,10,19,0,6,19
1343952,2,11,6,1,7,7
1343952,2,12,6,0,6,6
1343952,2,13,4,0,6,4
1343952,2,14,4,0,6,4
1343952,2,15,28,0,6,28
1343952,2,16,13,1,7,14
1343952,2,17,7,0,6,7
1343952,2,18,13,1,7,14
1343952,2,19,3,1,4,4
1343953,1,0,4,0,6,4
1343953,1,1,16,0,6,16
1343953,1,2,15,2,8,17
1343953,1,3,15,1,7,16
1343953,1,4,13,0,6,13
1343953,1,5,4,0,6,4
1343953,1,6,3,0,6,3
1343953,1,7,1,0,6,1
1343953,1,8,3,0,6,3
1343953,1,9,1,0,6,1
1343953,1,10,12,0,6,12
1343953,1,11,6,0,6,6
1343953,1,12,8,0,6,8
1343953,1,13,7,5,7,12
1343953,1,14,0,1,7,1
1343953,1,15,5,0,4,5
1343953,2,0,12,0,6,12
1343953,2,1,18,0,6,18
1343953,2,2,12,0,6,12
1343953,2,3,3,1,6,4
1343953,2,4,11,0,6,11
1343953,2,5,7,6,8,13
1343953,2,6,9,0,6,9
1343953,2,7,8,0,6,8
1343953,2,8,7,0,6,7
1343953,2,9,11,0,6,11
1343953,2,10,4,0,6,4
1343953,2,11,6,0,6,6
1343953,2,12,8,0,6,8
1343954,1,0,12,0,6,12
1343954,1,1,2,0,6,2
1343954,1,2,6,0,6,6
1343954,1,3,3,0,6,3
1343954,1,4,7,4,6,11
1343954,1,5,10,0,6,10
1343954,1,6,6,0,6,6
1343954,1,7,9,1,6,10
1343954,1,8,2,0,6,2
1343954,1,9,2,0,6,2
1343954,1,10,7,0,6,7
1343954,1,11,9,0,6,9
1343954,1,12,6,0,6,6
1343954,1,13,5,0,6,5
1343954,1,14,2,0,6,2
1343954,1,15,3,0,6,3
1343954,1,16,7,0,6,7
1343954,1,17,8,1,7,9
1343954,1,18,3,4,6,7
1343954,1,19,6,2,7,8
1343954,2,0,8,0,6,8
1343954,2,1,9,1,7,10
1343954,2,2,11,0,6,11
1343954,2,3,9,1,7,10
1343954,2,4,4,0,6,4
1343954,2,5,8,1,7,9
1343954,2,6,4,0,6,4
1343954,2,7,4,0,6,4
1343954,2,8,13,1,7,14
1343954,2,9,6,0,6,6
1343954,2,10,2,2,6,4
1343954,2,11,8,0,6,8
1343954,2,12,1,0,6,1
1343954,2,13,4,0,6,4
1343954,2,14,0,0,6,0
1343954,2,15,5,0,6,5
1343954,2,16,6,0,6,6
1343954,2,17,13,0,6,13
1343954,2,18,10,0,2,10
1343955,1,0,1,2,7,3
1343955,1,1,2,0,6,2
1343955,1,2,9,0,6,9
1343955,1,3,6,0,6,6
1343955,1,4,1,0,6,1
1343955,1,5,2,0,6,2
1343955,1,6,20,0,6,20
1343955,1,7,5,0,6,5
1343955,1,8,3,0,6,3
1343955,1,9,7,0,6,7
1343955,1,10,2,0,6,2
1343955,1,11,2,0,6,2
1343955,1,12,3,1,7,4
1343955,1,13,0,0,6,0
1343955,1,14,2,1,7,3
1343955,1,15,3,0,6,3
1343955,1,16,2,0,6,2
1343955,1,17,6,0,6,6
1343955,1,18,0,0,1,0
1343955,2,0,3,4,6,7
1343955,2,1,13,0,6,13
1343955,2,2,8,1,7,9
1343955,2,3,7,0,6,7
1343955,2,4,10,1,6,11
1343955,2,5,23,0,6,23
1343955,2,6,8,0,6,8
1343955,2,7,6,0,4,6
1343956,1,0,6,0,6,6
1343956,1,1,2,0,6,2
1343956,1,2,1,0,6,1
1343956,1,3,1,0,6,1
1343956,1,4,10,0,6,10
1343956,1,5,12,0,6,12
1343956,1,6,7,0,6,7
1343956,1,7,8,0,6,8
1343956,1,8,8,0,6,8
1343956,1,9,7,0,6,7
1343956,1,10,5,0,6,5
1343956,1,11,5,0,6,5
1343956,1,12,3,0,6,3
1343956,1,13,7,0,6,7
1343956,1,14,12,2,8,14
1343956,1,15,7,1,6,8
1343956,1,16,7,0,6,7
1343956,1,17,13,0,6,13
1343956,1,18,8,1,7,9
1343956,1,19,8,1,6,9
1343956,2,0,1,0,6,1
1343956,2,1,7,1,7,8
1343956,2,2,1,0,6,1
1343956,2,3,8,1,6,9
1343956,2,4,2,5,7,7
1343956,2,5,1,0,6,1
1343956,2,6,4,0,6,4
1343956,2,7,11,0,6,11
1343956,2,8,4,0,6,4
1343956,2,9,6,0,6,6
1343956,2,10,14,0,6,14
1343956,2,11,8,0,6,8
1343956,2,12,4,0,6,4
1343956,2,13,7,0,6,7
1343956,2,14,4,0,6,4
1343956,2,15,5,0,6,5
1343956,2,16,12,1,7,13
1343956,2,17,13,0,6,13
1343956,2,18,3,1,7,4
1343956,2,19,5,0,6,5
1343957,1,0,10,1,7,11
1343957,1,1,5,0,6,5
1343957,1,2,1,0,6,1
1343957,1,3,4,0,6,4
1343957,1,4,15,0,6,15
1343957,1,5,7,2,8,9
1343957,1,6,6,0,6,6
1343957,1,7,2,0,6,2
1343957,1,8,3,0,6,3
1343957,1,9,6,0,6,6
1343957,1,10,12,0,6,12
1343957,1,11,7,1,6,8
1343957,1,12,11,0,6,11
1343957,1,13,7,0,6,7
1343957,1,14,5,0,6,5
1343957,1,15,8,0,6,8
1343957,1,16,5,0,6,5
1343957,1,17,6,0,6,6
1343957,1,18,3,0,4,3
1343957,2,0,6,0,6,6
1343957,2,1,5,0,6,5
1343957,2,2,3,0,6,3
1343957,2,3,6,5,7,11
1343957,2,4,6,0,6,6
1343957,2,5,15,1,7,16
1343957,2,6,3,0,6,3
1343957,2,7,6,1,7,7
1343957,2,8,3,0,6,3
1343957,2,9,4,0,6,4
1343957,2,10,2,0,6,2
1343957,2,11,11,0,6,11
1343957,2,12,3,0,6,3
1343957,2,13,6,0,6,6
1343957,2,14,3,0,6,3
1343957,2,15,8,1,7,9
1343957,2,16,5,0,6,5
1343957,2,17,12,0,6,12
1343957,2,18,4,1,7,5
1343957,2,19,7,1,5,8
1343958,1,0,4,1,6,5
1343958,1,1,6,2,7,8
1343958,1,2,12,0,6,12
1343958,1,3,4,0,6,4
1343958,1,4,7,0,6,7
1343958,1,5,9,1,7,10
1343958,1,6,9,0,6,9
1343958,1,7,4,4,7,8
1343958,1,8,8,0,6,8
1343958,1,9,4,0,6,4
1343958,1,10,10,0,6,10
1343958,1,11,6,0,6,6
1343958,1,12,2,0,6,2
1343958,1,13,13,0,6,13
1343958,1,14,11,2,8,13
1343958,1,15,11,0,6,11
1343958,1,16,5,0,6,5
1343958,1,17,7,0,6,7
1343958,1,18,2,1,7,3
1343958,1,19,12,1,7,13
1343958,2,0,4,0,6,4
1343958,2,1,4,1,7,5
1343958,2,2,8,0,6,8
1343958,2,3,11,0,6,11
1343958,2,4,11,0,6,11
1343958,2,5,10,0,6,10
1343958,2,6,5,0,6,5
1343958,2,7,3,0,6,3
1343958,2,8,3,1,7,4
1343958,2,9,11,0,6,11
1343958,2,10,11,1,6,12
1343958,2,11,7,1,7,8
1343958,2,12,8,0,6,8
1343958,2,13,7,3,7,10
1343958,2,14,8,1,7,9
1343958,2,15,7,0,6,7
1343958,2,16,9,0,6,9
1343958,2,17,2,2,6,4
1343958,2,18,9,1,6,10
1343958,2,19,13,0,4,13
1343959,1,0,9,0,6,9
1343959,1,1,8,0,6,8
1343959,1,2,13,0,6,13
1343959,1,3,10,0,6,10
1343959,1,4,18,0,6,18
1343959,1,5,8,1,7,9
1343959,1,6,18,0,6,18
1343959,1,7,8,0,6,8
1343959,1,8,9,1,7,10
1343959,1,9,4,0,6,4
1343959,1,10,8,0,6,8
1343959,1,11,5,0,6,5
1343959,1,12,5,1,7,6
1343959,1,13,7,4,6,11
1343959,1,14,12,1,7,13
1343959,1,15,13,0,6,13
1343959,1,16,10,0,6,10
1343959,1,17,8,0,6,8
1343959,1,18,13,0,6,13
1343959,1,19,16,0,6,16
1343959,2,0,2,0,6,2
1343959,2,1,3,0,6,3
1343959,2,2,10,0,6,10
1343959,2,3,0,0,6,0
1343959,2,4,15,0,6,15
1343959,2,5,5,0,6,5
1343959,2,6,1,5,7,6
1343959,2,7,8,0,6,8
1343959,2,8,8,0,6,8
1343959,2,9,9,0,6,9
1343959,2,10,2,0,6,2
1343959,2,11,3,0,6,3
1343959,2,12,4,0,6,4
1343959,2,13,9,0,6,9
1343959,2,14,2,0,4,2
1343960,1,0,7,0,6,7
1343960,1,1,15,1,7,16
1343960,1,2,18,0,6,18
1343960,1,3,12,0,6,12
1343960,1,4,15,0,6,15
1343960,1,5,15,1,7,16
1343960,1,6,4,0,6,4
1343960,1,7,6,0,6,6
1343960,1,8,2,0,6,2
1343960,1,9,3,1,7,4
1343960,1,10,10,0,6,10
1343960,1,11,5,1,6,6
1343960,1,12,5,0,6,5
1343960,1,13,10,1,7,11
1343960,1,14,5,0,6,5
1343960,1,15,9,1,7,10
1343960,1,16,6,0,6,6
1343960,1,17,10,1,7,11
1343960,1,18,11,1,6,12
1343960,1,19,5,1,6,6
1343960,2,0,4,2,7,6
1343960,2,1,6,0,6,6
1343960,2,2,7,1,6,8
1343960,2,3,5,0,6,5
1343960,2,4,1,0,6,1
1343960,2,5,16,0,6,16
1343960,2,6,7,0,6,7
1343960,2,7,17,1,7,18
1343960,2,8,3,0,6,3
1343960,2,9,4,0,6,4
1343960,2,10,7,1,7,8
1343960,2,11,12,0,6,12
1343960,2,12,11,0,6,11
1343960,2,13,5,0,6,5
1343960,2,14,6,3,7,9
1343960,2,15,2,3,7,5
1343960,2,16,3,0,6,3
1343960,2,17,3,0,6,3
1343960,2,18,0,0,1,0
1343961,1,0,5,0,6,5
1343961,1,1,3,0,6,3
1343961,1,2,9,0,6,9
1343961,1,3,7,0,6,7
1343961,1,4,6,0,6,6
1343961,1,5,0,0,6,0
1343961,1,6,8,0,6,8
1343961,1,7,6,0,6,6
1343961,1,8,6,1,7,7
1343961,1,9,12,0,6,12
1343961,1,10,5,0,6,5
1343961,1,11,5,0,6,5
1343961,1,12,5,0,6,5
1343961,1,13,8,0,6,8
1343961,1,14,14,0,6,14
1343961,1,15,3,0,6,3
1343961,1,16,3,0,6,3
1343961,1,17,8,0,6,8
1343961,1,18,8,1,6,9
1343961,1,19,4,3,7,7
1343961,2,0,5,0,6,5
1343961,2,1,13,0,6,13
1343961,2,2,2,0,6,2
1343961,2,3,7,0,6,7
1343961,2,4,11,0,6,11
1343961,2,5,8,1,7,9
1343961,2,6,2,0,6,2
1343961,2,7,2,0,6,2
1343961,2,8,5,0,6,5
1343961,2,9,13,0,6,13
1343961,2,10,3,0,6,3
1343961,2,11,5,2,6,7
1343961,2,12,1,0,6,1
1343961,2,13,10,0,6,10
1343961,2,14,2,0,6,2
1343961,2,15,4,0,6,4
1343961,2,16,5,0,6,5
1343961,2,17,25,0,6,25
1343961,2,18,5,0,5,5
1343962,1,0,15,0,6,15
1343962,1,1,10,0,6,10
1343962,1,2,3,5,7,8
1343962,1,3,7,5,7,12
1343962,1,4,6,0,6,6
1343962,1,5,6,0,6,6
1343962,1,6,7,0,6,7
1343962,1,7,6,0,6,6
1343962,1,8,4,0,6,4
1343962,1,9,8,0,6,8
1343962,1,10,7,0,6,7
1343962,1,11,14,0,6,14
1343962,1,12,10,0,6,10
1343962,1,13,7,0,6,7
1343962,1,14,5,0,6,5
1343962,1,15,7,0,6,7
1343962,1,16,10,0,6,10
1343962,1,17,9,0,6,9
1343962,1,18,8,0,6,8
1343962,1,19,19,0,6,19
1343962,2,0,1,2,8,3
1343962,2,1,3,0,6,3
1343962,2,2,2,0,6,2
1343962,2,3,11,0,6,11
1343962,2,4,5,1,6,6
1343962,2,5,12,4,6,16
1343962,2,6,5,0,6,5
1343962,2,7,10,1,6,11
1343962,2,8,8,0,6,8
1343962,2,9,7,0,6,7
1343962,2,10,3,0,6,3
1343962,2,11,18,1,7,19
1343962,2,12,3,0,6,3
1343962,2,13,13,0,6,13
1343962,2,14,17,4,6,21
1343962,2,15,21,0,6,21
1343962,2,16,9,0,6,9
1343962,2,17,7,0,6,7
1343962,2,18,7,1,7,8
1343962,2,19,6,0,1,6
1343963,1,0,12,1,7,13
1343963,1,1,7,0,6,7
1343963,1,2,3,0,6,3
1343963,1,3,7,1,7,8
1343963,1,4,2,0,6,2
1343963,1,5,11,0,6,11
1343963,1,6,3,0,6,3
1343963,1,7,2,1,7,3
1343963,1,8,5,0,6,5
1343963,1,9,2,0,6,2
1343963,1,10,11,2,8,13
1343963,1,11,14,1,7,15
1343963,1,12,17,0,6,17
1343963,1,13,2,0,6,2
1343963,1,14,3,0,6,3
1343963,1,15,5,4,10,9
1343963,1,16,10,0,6,10
1343963,1,17,8,0,6,8
1343963,1,18,6,1,6,7
1343963,1,19,23,1,7,24
1343963,2,0,9,0,6,9
1343963,2,1,5,0,6,5
1343963,2,2,11,0,6,11
1343963,2,3,8,0,6,8
1343963,2,4,4,1,7,5
1343963,2,5,17,0,6,17
1343963,2,6,7,0,6,7
1343963,2,7,8,0,6,8
1343963,2,8,9,0,6,9
1343963,2,9,7,0,6,7
1343963,2,10,9,0,6,9
1343963,2,11,8,0,6,8
1343963,2,12,2,1,7,3
1343963,2,13,2,0,6,2
1343963,2,14,21,0,6,21
1343963,2,15,6,9,6,15
1343963,2,16,2,0,6,2
1343963,2,17,6,1,7,7
1343963,2,18,7,0,6,7
1343963,2,19,8,1,5,9
1343964,1,0,8,2,7,10
1343964,1,1,14,0,6,14
1343964,1,2,13,4,6,17
1343964,1,3,15,0,6,15
1343964,1,4,4,0,6,4
1343964,1,5,9,1,6,10
1343964,1,6,6,0,6,6
1343964,1,7,3,0,6,3
1343964,1,8,6,0,6,6
1343964,1,9,8,0,6,8
1343964,1,10,9,0,6,9
1343964,1,11,4,4,6,8
1343964,1,12,4,0,6,4
1343964,1,13,2,0,6,2
1343964,1,14,14,1,7,15
1343965,1,0,7,0,6,7
1343965,1,1,15,0,6,15
1343965,1,2,8,0,6,8
1343965,1,3,5,0,6,5
1343965,1,4,7,0,6,7
1343965,1,5,8,3,4,11
1343966,1,0,2,0,6,2
1343966,1,1,11,0,6,11
1343966,1,2,9,0,6,9
1343966,1,3,1,0,6,1
1343966,1,4,14,0,6,14
1343966,1,5,8,0,6,8
1343966,1,6,14,1,7,15
1343966,1,7,13,0,6,13
1343966,1,8,6,6,8,12
1343966,1,9,1,2,7,3
1343966,1,10,12,0,6,12
1343966,1,11,9,0,6,9
1343966,1,12,2,1,6,3
1343966,1,13,4,1,7,5
1343966,1,14,8,0,6,8
1343966,1,15,4,0,6,4
1343966,1,16,6,0,6,6
1343966,1,17,7,1,7,8
1343966,1,18,2,1,7,3
1343966,1,19,12,1,5,13
1343966,2,0,15,0,6,15
1343966,2,1,7,0,6,7
1343966,2,2,6,2,7,8
1343966,2,3,11,0,6,11
1343966,2,4,9,0,6,9
1343966,2,5,3,0,6,3
1343966,2,6,1,0,6,1
1343966,2,7,5,0,6,5
1343966,2,8,3,1,6,4
1343966,2,9,20,0,6,20
1343966,2,10,5,5,7,10
1343966,2,11,11,1,7,12
1343966,2,12,9,0,6,9
1343966,2,13,1,0,6,1
1343966,2,14,3,0,6,3
1343966,2,15,11,2,7,13
1343966,2,16,7,0,6,7
1343966,2,17,10,0,6,10
1343966,2,18,7,2,7,9
1343966,2,19,3,0,6,3
1343967,1,0,5,0,6,5
1343967,1,1,5,0,6,5
1343967,1,2,12,0,6,12
1343967,1,3,11,1,7,12
1343967,1,4,5,0,6,5
1343967,1,5,9,0,6,9
1343967,1,6,4,0,6,4
1343967,1,7,6,0,6,6
1343967,1,8,18,0,6,18
1343967,1,9,12,0,6,12
1343967,1,10,6,1,7,7
1343967,1,11,7,1,6,8
1343967,1,12,6,0,6,6
1343967,1,13,6,0,6,6
1343967,1,14,9,0,6,9
1343967,1,15,7,0,6,7
1343967,1,16,8,0,6,8
1343967,1,17,9,0,6,9
1343967,1,18,4,0,6,4
1343967,1,19,8,0,6,8
1343967,2,0,6,0,6,6
1343967,2,1,5,0,6,5
1343967,2,2,1,1,7,2
1343967,2,3,9,1,6,10
1343967,2,4,0,0,6,0
1343967,2,5,6,0,6,6
1343967,2,6,6,0,6,6
1343967,2,7,10,0,6,10
1343967,2,8,12,0,6,12
1343967,2,9,11,0,6,11
1343967,2,10,4,1,6,5
1343967,2,11,7,0,6,7
1343967,2,12,5,0,6,5
1343967,2,13,9,0,6,9
1343967,2,14,4,0,6,4
1343967,2,15,3,5,7,8
1343967,2,16,8,0,6,8
1343967,2,17,6,0,6,6
1343967,2,18,11,2,8,13
1343967,2,19,2,1,7,3
1343968,1,0,1,0,6,1
1343968,1,1,15,0,6,15
1343968,1,2,18,0,6,18
1343968,1,3,14,0,6,14
1343968,1,4,17,0,6,17
1343968,1,5,11,0,6,11
1343968,1,6,3,0,6,3
1343968,1,7,16,1,7,17
1343968,1,8,15,1,6,16
1343968,1,9,5,1,7,6
1343968,1,10,12,0,6,12
1343968,1,11,6,0,6,6
1343968,1,12,15,0,6,15
1343968,1,13,15,4,6,19
1343968,1,14,6,0,6,6
1343968,1,15,17,0,6,17
1343968,1,16,5,0,6,5
1343968,1,17,20,0,6,20
1343968,1,18,14,3,9,17
1343968,1,19,19,0,6,19
1343968,2,0,7,0,6,7
1343968,2,1,9,0,6,9
1343968,2,2,3,0,6,3
1343968,2,3,1,1,7,2
1343968,2,4,11,3,7,14
1343968,2,5,1,0,6,1
1343968,2,6,15,0,6,15
1343968,2,7,9,0,6,9
1343968,2,8,3,0,6,3
1343968,2,9,7,0,6,7
1343968,2,10,5,1,7,6
1343968,2,11,11,1,7,12
1343968,2,12,10,1,7,11
1343968,2,13,4,0,5,4
1343969,1,0,8,4,6,12
1343969,1,1,0,0,6,0
1343969,1,2,18,0,6,18
1343969,1,3,8,0,6,8
1343969,1,4,9,1,6,10
1343969,1,5,18,0,6,18
1343969,1,6,13,0,6,13
1343969,1,7,2,0,6,2
1343969,1,8,6,0,6,6
1343969,1,9,6,0,6,6
1343969,1,10,8,0,6,8
1343969,1,11,4,0,6,4
1343969,1,12,8,0,6,8
1343969,1,13,10,0,6,10
1343969,1,14,10,0,6,10
1343969,1,15,12,0,6,12
1343969,1,16,9,1,6,10
1343969,1,17,3,0,6,3
1343969,1,18,8,6,8,14
1343969,1,19,12,5,6,17
1343969,2,0,8,0,6,8
1343969,2,1,4,0,6,4
1343969,2,2,3,0,6,3
1343969,2,3,3,2,8,5
1343969,2,4,4,0,6,4
1343969,2,5,13,1,7,14
1343969,2,6,8,0,6,8
1343969,2,7,3,0,6,3
1343969,2,8,5,0,6,5
1343969,2,9,1,0,6,1
1343969,2,10,15,1,7,16
1343969,2,11,12,0,6,12
1343969,2,12,4,0,6,4
1343969,2,13,3,0,6,3
1343969,2,14,4,5,7,9
1343969,2,15,5,1,7,6
1343969,2,16,2,0,6,2
1343969,2,17,6,0,5,6
1343970,1,0,11,4,6,15
1343970,1,1,13,0,6,13
1343970,1,2,13,1,7,14
1343970,1,3,23,1,7,24
1343970,1,4,3,0,6,3
1343970,1,5,2,0,6,2
1343970,1,6,7,0,6,7
1343970,1,7,6,1,7,7
1343970,1,8,7,1,7,8
1343970,1,9,7,1,7,8
1343970,1,10,9,5,7,14
1343970,1,11,11,0,6,11
1343970,1,12,9,0,6,9
1343970,1,13,10,2,8,12
1343970,1,14,14,0,6,14
1343970,1,15,17,0,6,17
1343970,1,16,6,1,7,7
1343970,1,17,14,2,7,16
1343970,1,18,16,0,6,16
1343970,1,19,9,0,6,9
1343970,2,0,11,0,6,11
1343970,2,1,17,1,7,18
1343970,2,2,1,0,6,1
1343970,2,3,2,0,6,2
1343970,2,4,4,0,6,4
1343970,2,5,10,0,6,10
1343970,2,6,15,0,6,15
1343970,2,7,4,1,6,5
1343970,2,8,6,0,6,6
1343970,2,9,4,0,6,4
1343970,2,10,9,2,6,11
1343970,2,11,2,2,6,4
1343970,2,12,2,1,7,3
1343970,2,13,9,0,6,9
1343970,2,14,5,0,6,5
1343970,2,15,9,0,6,9
1343970,2,16,18,0,6,18
1343970,2,17,4,0,6,4
1343970,2,18,19,0,6,19
1343970,2,19,3,6,6,9
1343971,1,0,2,1,7,3
1343971,1,1,5,0,6,5
1343971,1,2,10,0,6,10
1343971,1,3,2,0,6,2
1343971,1,4,7,0,6,7
1343971,1,5,5,0,6,5
1343971,1,6,5,1,7,6
1343971,1,7,11,1,7,12
1343971,1,8,2,1,6,3
1343971,1,9,13,3,7,16
1343971,1,10,3,0,6,3
1343971,1,11,7,1,7,8
1343971,1,12,4,0,6,4
1343971,1,13,0,1,6,1
1343971,1,14,7,0,6,7
1343971,1,15,12,2,8,14
1343971,1,16,8,1,6,9
1343971,1,17,17,1,7,18
1343971,1,18,11,0,6,11
1343971,1,19,8,1,7,9
1343971,2,0,1,2,8,3
1343971,2,1,13,0,6,13
1343971,2,2,6,0,6,6
1343971,2,3,14,1,6,15
1343971,2,4,8,0,6,8
1343971,2,5,4,0,6,4
1343971,2,6,2,1,7,3
1343971,2,7,6,1,7,7
1343971,2,8,7,0,6,7
1343971,2,9,6,0,6,6
1343971,2,10,9,0,6,9
1343971,2,11,1,2,8,3
1343971,2,12,5,1,6,6
1343971,2,13,4,0,6,4
1343971,2,14,9,0,6,9
1343971,2,15,5,0,6,5
1343971,2,16,8,0,6,8
1343971,2,17,8,0,6,8
1343971,2,18,0,0,6,0
1343972,1,0,6,2,8,8
1343972,1,1,5,2,8,7
1343972,1,2,11,0,6,11
1343972,1,3,6,0,6,6
1343972,1,4,3,0,6,3
1343972,1,5,5,0,6,5
1343972,1,6,9,0,6,9
1343972,1,7,11,0,6,11
1343972,1,8,6,0,6,6
1343972,1,9,6,0,6,6
1343972,1,10,1,2,7,3
1343972,1,11,14,1,7,15
1343972,1,12,18,0,6,18
1343972,1,13,7,0,6,7
1343972,1,14,11,0,6,11
1343972,1,15,13,2,8,15
1343972,1,16,15,1,7,16
1343972,1,17,21,0,6,21
1343972,1,18,8,0,6,8
1343972,1,19,22,5,9,27
1343972,2,0,0,0,6,0
1343972,2,1,6,1,7,7
1343972,2,2,12,5,7,17
1343972,2,3,1,1,6,2
1343972,2,4,7,0,6,7
1343972,2,5,9,0,6,9
1343972,2,6,10,1,7,11
1343972,2,7,2,0,6,2
1343972,2,8,11,0,6,11
1343972,2,9,6,0,6,6
1343972,2,10,5,1,7,6
1343972,2,11,10,0,6,10
1343972,2,12,10,0,6,10
1343972,2,13,9,3,7,12
1343972,2,14,20,0,6,20
1343972,2,15,5,0,6,5
1343972,2,16,15,0,6,15
1343972,2,17,20,0,6,20
1343972,2,18,18,0,6,18
1343972,2,19,10,1,6,11
1343973,1,0,14,2,8,16
1343973,1,1,6,1,6,7
1343973,1,2,4,0,6,4
1343973,1,3,5,1,7,6
1343973,1,4,17,0,6,17
1343973,1,5,4,2,7,6
1343973,1,6,8,0,6,8
1343973,1,7,4,0,6,4
1343973,1,8,7,0,6,7
1343973,1,9,1,0,6,1
1343973,1,10,3,0,6,3
1343973,1,11,8,1,7,9
1343973,1,12,4,1,6,5
1343973,1,13,7,0,6,7
1343973,1,14,3,0,6,3
1343973,1,15,8,1,7,9
1343973,1,16,9,0,6,9
1343973,1,17,6,0,6,6
1343973,1,18,6,0,6,6
1343973,1,19,2,0,3,2
1343973,2,0,8,1,7,9
1343973,2,1,14,0,6,14
1343973,2,2,7,0,6,7
1343973,2,3,16,0,6,16
1343973,2,4,4,0,6,4
1343973,2,5,26,0,6,26
1343973,2,6,4,0,6,4
1343973,2,7,11,0,6,11
1343973,2,8,3,0,6,3
1343973,2,9,9,0,6,9
1343973,2,10,3,1,7,4
1343973,2,11,4,0,6,4
1343973,2,12,7,0,6,7
1343973,2,13,3,1,7,4
1343973,2,14,2,1,6,3
1343973,2,15,1,1,7,2
1343973,2,16,10,0,2,10
1392653,1,0,5,0,6,5
1392653,1,1,4,0,6,4
1392653,1,2,22,1,7,23
1392653,1,3,9,1,7,10
1392653,1,4,14,0,6,14
1392653,1,5,3,2,7,5
1392653,1,6,16,0,6,16
1392653,1,7,9,0,6,9
1392653,1,8,9,1,7,10
1392653,1,9,3,0,6,3
1392653,1,10,12,0,6,12
1392653,1,11,16,0,6,16
1392653,1,12,3,0,6,3
1392653,1,13,7,1,7,8
1392653,1,14,3,1,7,4
1392653,1,15,10,0,6,10
1392653,1,16,19,1,7,20
1392653,1,17,4,1,7,5
1392653,1,18,13,1,7,14
1392653,1,19,14,2,7,16
1392653,2,0,3,0,6,3
1392653,2,1,5,0,6,5
1392653,2,2,10,0,6,10
1392653,2,3,10,0,6,10
1392653,2,4,12,2,8,14
1392653,2,5,10,0,6,10
1392653,2,6,3,0,6,3
1392653,2,7,15,0,6,15
1392653,2,8,17,4,8,21
1392653,2,9,8,0,6,8
1392653,2,10,9,0,6,9
1392653,2,11,8,0,6,8
1392653,2,12,17,0,6,17
1392653,2,13,14,1,7,15
1392653,2,14,15,0,6,15
1392653,2,15,10,2,6,12
1392653,2,16,2,0,3,2
1392654,1,0,4,0,6,4
1392654,1,1,3,2,7,5
1392654,1,2,18,1,6,19
1392654,1,3,10,1,6,11
1392654,1,4,3,1,7,4
1392654,1,5,1,0,6,1
1392654,1,6,1,0,6,1
1392654,1,7,5,0,6,5
1392654,1,8,12,0,6,12
1392654,1,9,7,0,6,7
1392654,1,10,6,0,6,6
1392654,1,11,12,0,6,12
1392654,1,12,9,0,6,9
1392654,1,13,9,0,6,9
1392654,1,14,10,0,6,10
1392654,1,15,4,1,7,5
1392654,1,16,9,0,6,9
1392654,1,17,8,0,6,8
1392654,1,18,13,2,8,15
1392654,1,19,8,0,6,8
1392654,2,0,14,0,6,14
1392654,2,1,4,0,6,4
1392654,2,2,7,0,6,7
1392654,2,3,14,0,6,14
1392654,2,4,8,0,6,8
1392654,2,5,6,1,6,7
1392654,2,6,2,1,7,3
1392654,2,7,9,0,6,9
1392654,2,8,11,1,7,12
1392654,2,9,2,0,6,2
1392654,2,10,4,1,6,5
1392654,2,11,5,0,6,5
1392654,2,12,3,0,6,3
1392654,2,13,3,0,6,3
1392654,2,14,6,0,6,6
1392654,2,15,2,0,6,2
1392654,2,16,3,0,6,3
1392654,2,17,8,0,6,8
1392654,2,18,3,0,6,3
1392654,2,19,14,1,7,15
1392655,1,0,6,0,6,6
1392655,1,1,2,0,6,2
1392655,1,2,10,0,6,10
1392655,1,3,27,0,6,27
1392655,1,4,10,2,8,12
1392655,1,5,14,2,8,16
1392655,1,6,16,0,6,16
1392655,1,7,10,0,6,10
1392655,1,8,8,0,6,8
1392655,1,9,7,0,6,7
1392655,1,10,12,0,6,12
1392655,1,11,20,0,6,20
1392655,1,12,19,0,6,19
1392655,1,13,16,0,6,16
1392655,1,14,16,1,7,17
1392655,1,15,8,0,6,8
1392655,1,16,7,1,7,8
1392655,1,17,12,5,7,17
1392655,1,18,6,1,6,7
1392655,1,19,5,0,6,5
1392655,2,0,1,0,6,1
1392655,2,1,8,0,6,8
1392655,2,2,5,0,6,5
1392655,2,3,15,0,6,15
1392655,2,4,5,0,6,5
1392655,2,5,8,5,7,13
1392655,2,6,1,0,6,1
1392655,2,7,1,0,6,1
1392655,2,8,15,0,6,15
1392655,2,9,16,0,6,16
1392655,2,10,12,0,6,12
1392655,2,11,4,0,6,4
1392655,2,12,7,0,6,7
1392655,2,13,9,0,6,9
1392655,2,14,10,1,7,11
1392655,2,15,18,0,6,18
1392655,2,16,3,0,6,3
1392655,2,17,1,0,5,1
1392656,1,0,2,0,6,2
1392656,1,1,5,0,6,5
1392656,1,2,10,0,6,10
1392656,1,3,21,0,6,21
1392656,1,4,18,0,6,18
1392656,1,5,3,0,6,3
1392656,1,6,1,4,6,5
1392656,1,7,14,0,6,14
1392656,1,8,7,0,6,7
1392656,1,9,8,0,6,8
1392656,1,10,2,1,6,3
1392656,1,11,9,1,7,10
1392656,1,12,16,1,7,17
1392656,1,13,8,0,6,8
1392656,1,14,4,1,6,5
1392656,1,15,24,0,6,24
1392656,1,16,14,1,7,15
1392656,1,17,15,0,6,15
1392656,1,18,21,0,6,21
1392656,1,19,12,2,6,14
1392656,2,0,5,0,6,5
1392656,2,1,8,0,6,8
1392656,2,2,0,0,6,0
1392656,2,3,3,0,6,3
1392656,2,4,13,0,6,13
1392656,2,5,10,0,6,10
1392656,2,6,9,1,7,10
1392656,2,7,13,1,6,14
1392656,2,8,13,0,6,13
1392656,2,9,12,1,7,13
1392656,2,10,15,0,6,15
1392656,2,11,6,0,6,6
1392656,2,12,5,4,6,9
1392656,2,13,10,0,6,10
1392656,2,14,4,0,6,4
1392656,2,15,20,0,6,20
1392656,2,16,9,1,7,10
1392656,2,17,12,0,6,12
1392656,2,18,11,0,6,11
1392656,2,19,4,0,6,4
1392657,1,0,5,0,6,5
1392657,1,1,6,0,6,6
1392657,1,2,5,0,6,5
1392657,1,3,17,0,6,17
1392657,1,4,18,0,6,18
1392657,1,5,1,0,6,1
1392657,1,6,8,0,6,8
1392657,1,7,8,1,6,9
1392657,1,8,9,0,6,9
1392657,1,9,7,1,7,8
1392657,1,10,7,0,6,7
1392657,1,11,17,0,6,17
1392657,1,12,7,0,6,7
1392657,1,13,13,1,7,14
1392657,1,14,7,0,6,7
1392657,1,15,13,1,7,14
1392657,1,16,7,0,6,7
1392657,1,17,12,0,6,12
1392657,1,18,13,2,7,15
1392657,1,19,23,1,7,24
1392657,2,0,4,0,6,4
1392657,2,1,9,1,7,10
1392657,2,2,16,0,6,16
1392657,2,3,14,0,6,14
1392657,2,4,7,1,6,8
1392657,2,5,11,1,7,12
1392657,2,6,6,0,6,6
1392657,2,7,5,0,6,5
1392657,2,8,14,0,6,14
1392657,2,9,13,2,7,15
1392657,2,10,11,1,7,12
1392657,2,11,17,1,7,18
1392657,2,12,9,0,6,9
1392657,2,13,9,1,7,10
1392657,2,14,5,0,6,5
1392657,2,15,10,1,6,11
1392657,2,16,8,1,7,9
1392657,2,17,10,1,7,11
1392657,2,18,7,1,7,8
1392657,2,19,3,0,6,3
1392658,1,0,2,0,6,2
1392658,1,1,2,0,6,2
1392658,1,2,12,0,6,12
1392658,1,3,6,0,6,6
1392658,1,4,5,0,6,5
1392658,1,5,7,0,6,7
1392658,1,6,2,0,6,2
1392658,1,7,8,0,6,8
1392658,1,8,7,0,6,7
1392658,1,9,8,1,6,9
1392658,1,10,5,1,7,6
1392658,1,11,8,0,6,8
1392658,1,12,7,0,6,7
1392658,1,13,12,1,7,13
1392658,1,14,4,0,6,4
1392658,1,15,12,0,6,12
1392658,1,16,4,0,6,4
1392658,1,17,10,1,7,11
1392658,1,18,10,0,6,10
1392658,1,19,9,1,6,10
1392658,2,0,4,0,6,4
1392658,2,1,6,0,6,6
1392658,2,2,8,0,6,8
1392658,2,3,12,0,6,12
1392658,2,4,2,0,6,2
1392658,2,5,2,0,6,2
1392658,2,6,3,0,6,3
1392658,2,7,4,0,6,4
1392658,2,8,3,0,6,3
1392658,2,9,5,0,6,5
1392658,2,10,6,0,6,6
1392658,2,11,6,0,6,6
1392658,2,12,3,0,6,3
1392658,2,13,2,0,6,2
1392658,2,14,4,4,6,8
1392658,2,15,4,0,6,4
1392658,2,16,2,1,7,3
1392658,2,17,9,1,7,10
1392658,2,18,16,0,6,16
1392658,2,19,1,0,6,1
1392659,1,0,4,0,6,4
1392659,1,1,8,1,7,9
1392659,1,2,6,1,7,7
1392659,1,3,15,0,6,15
1392659,1,4,7,0,6,7
1392659,1,5,11,0,6,11
1392659,1,6,5,4,8,9
1392659,1,7,3,0,6,3
1392659,1,8,13,2,8,15
1392659,1,9,16,0,6,16
1392659,1,10,11,1,7,12
1392659,1,11,22,0,6,22
1392659,1,12,7,1,7,8
1392659,1,13,3,0,6,3
1392659,1,14,12,1,7,13
1392659,1,15,11,0,6,11
1392659,1,16,10,0,6,10
1392659,1,17,8,0,6,8
1392659,1,18,8,2,8,10
1392659,1,19,9,0,6,9
1392659,2,0,6,1,7,7
1392659,2,1,12,0,6,12
1392659,2,2,7,0,6,7
1392659,2,3,16,0,6,16
1392659,2,4,13,0,6,13
1392659,2,5,4,5,7,9
1392659,2,6,9,0,6,9
1392659,2,7,11,4,6,15
1392659,2,8,10,0,6,10
1392659,2,9,10,0,6,10
1392659,2,10,6,1,7,7
1392659,2,11,7,0,6,7
1392659,2,12,2,0,6,2
1392659,2,13,4,2,7,6
1392659,2,14,12,1,7,13
1392659,2,15,7,1,7,8
1392659,2,16,14,0,6,14
1392659,2,17,12,0,6,12
1392659,2,18,11,0,6,11
1392659,2,19,8,2,7,10
1392660,1,0,2,1,7,3
1392660,1,1,7,0,6,7
1392660,1,2,4,0,6,4
1392660,1,3,5,1,7,6
1392660,1,4,10,0,6,10
1392660,1,5,3,0,6,3
1392660,1,6,4,1,6,5
1392660,1,7,7,0,6,7
1392660,1,8,9,0,6,9
1392660,1,9,11,0,6,11
1392660,1,10,3,1,7,4
1392660,1,11,6,0,6,6
1392660,1,12,2,0,6,2
1392660,1,13,2,0,6,2
1392660,1,14,7,0,6,7
1392660,1,15,6,0,6,6
1392660,1,16,17,4,10,21
1392660,1,17,2,0,6,2
1392660,1,18,13,0,6,13
1392660,1,19,5,1,5,6
1392660,2,0,6,0,6,6
1392660,2,1,13,0,6,13
1392660,2,2,14,0,6,14
1392660,2,3,9,0,6,9
1392660,2,4,15,0,6,15
1392660,2,5,3,0,6,3
1392660,2,6,11,0,6,11
1392660,2,7,2,0,6,2
1392660,2,8,17,9,11,26
1392660,2,9,2,1,6,3
1392660,2,10,3,0,6,3
1392660,2,11,5,0,6,5
1392660,2,12,14,0,6,14
1392660,2,13,9,1,7,10
1392660,2,14,1,0,1,1
1392661,1,0,12,0,6,12
1392661,1,1,7,4,6,11
1392661,1,2,19,0,6,19
1392661,1,3,15,0,6,15
1392661,1,4,16,1,7,17
1392661,1,5,2,1,7,3
1392661,1,6,2,0,6,2
1392661,1,7,4,1,7,5
1392661,1,8,22,0,6,22
1392661,1,9,15,1,7,16
1392661,1,10,6,0,6,6
1392661,1,11,13,0,6,13
1392661,1,12,10,0,6,10
1392661,1,13,10,1,7,11
1392661,1,14,12,0,6,12
1392661,1,15,12,0,6,12
1392661,1,16,6,3,6,9
1392661,1,17,2,0,6,2
1392661,1,18,0,0,6,0
1392661,1,19,6,1,6,7
1392661,2,0,7,0,6,7
1392661,2,1,5,1,7,6
1392661,2,2,11,0,6,11
1392661,2,3,5,0,6,5
1392661,2,4,11,0,6,11
1392661,2,5,12,1,6,13
1392661,2,6,4,1,7,5
1392661,2,7,3,1,6,4
1392661,2,8,6,1,6,7
1392661,2,9,8,0,6,8
1392661,2,10,12,0,6,12
1392661,2,11,5,0,6,5
1392661,2,12,13,0,6,13
1392661,2,13,10,4,10,14
1392661,2,14,9,1,7,10
1392661,2,15,7,3,6,10
1392661,2,16,16,1,7,17
1392661,2,17,8,1,6,9
1392661,2,18,15,0,6,15
1392661,2,19,5,0,6,5
1392662,1,0,5,0,6,5
1392662,1,1,7,0,6,7
1392662,1,2,24,0,6,24
1392662,1,3,14,0,6,14
1392662,1,4,13,0,6,13
1392662,1,5,1,0,6,1
1392662,1,6,8,0,6,8
1392662,1,7,4,0,6,4
1392662,1,8,9,0,6,9
1392662,1,9,8,0,6,8
1392662,1,10,11,0,6,11
1392662,1,11,2,1,6,3
1392662,1,12,8,0,6,8
1392662,1,13,5,1,7,6
1392662,1,14,6,0,6,6
1392662,1,15,4,4,6,8
1392662,1,16,5,4,6,9
1392662,1,17,5,1,7,6
1392662,1,18,12,0,6,12
1392662,1,19,9,1,7,10
1392662,2,0,9,0,6,9
1392662,2,1,4,0,6,4
1392662,2,2,12,0,6,12
1392662,2,3,6,1,6,7
1392662,2,4,13,0,6,13
1392662,2,5,15,1,7,16
1392662,2,6,9,1,7,10
1392662,2,7,9,0,6,9
1392662,2,8,4,0,6,4
1392662,2,9,8,6,6,14
1392662,2,10,14,0,6,14
1392662,2,11,4,2,8,6
1392662,2,12,7,0,6,7
1392662,2,13,8,0,6,8
1392662,2,14,15,1,7,16
1392662,2,15,10,1,7,11
1392662,2,16,15,0,5,15
1392663,1,0,4,0,6,4
1392663,1,1,6,0,6,6
1392663,1,2,3,0,6,3
1392663,1,3,17,0,6,17
1392663,1,4,12,0,6,12
1392663,1,5,4,0,6,4
1392663,1,6,5,0,6,5
1392663,1,7,13,0,6,13
1392663,1,8,1,0,6,1
1392663,1,9,9,0,6,9
1392663,1,10,7,0,6,7
1392663,1,11,4,0,6,4
1392663,1,12,5,0,6,5
1392663,1,13,4,0,6,4
1392663,1,14,8,0,6,8
1392663,1,15,8,0,6,8
1392663,1,16,9,0,6,9
1392663,1,17,6,0,6,6
1392663,1,18,26,0,6,26
1392663,1,19,8,0,6,8
1392663,2,0,6,3,9,9
1392663,2,1,5,0,6,5
1392663,2,2,2,0,6,2
1392663,2,3,3,0,6,3
1392663,2,4,9,0,6,9
1392663,2,5,9,0,6,9
1392663,2,6,3,0,6,3
1392663,2,7,2,0,6,2
1392663,2,8,6,0,6,6
1392663,2,9,7,0,6,7
1392663,2,10,15,0,6,15
1392663,2,11,6,0,6,6
1392663,2,12,13,0,6,13
1392663,2,13,7,0,6,7
1392663,2,14,5,1,7,6
1392663,2,15,14,1,7,15
1392663,2,16,13,0,6,13
1392663,2,17,18,2,8,20
1392663,2,18,9,0,6,9
1392663,2,19,4,0,2,4
1392664,1,0,12,0,6,12
1392664,1,1,7,0,6,7
1392664,1,2,5,4,6,9
1392664,1,3,1,4,6,5
1392664,1,4,5,0,6,5
1392664,1,5,6,0,6,6
1392664,1,6,6,0,6,6
1392664,1,7,10,1,7,11
1392664,1,8,6,0,6,6
1392664,1,9,2,0,6,2
1392664,1,10,5,0,6,5
1392664,1,11,14,0,6,14
1392664,1,12,7,0,6,7
1392664,1,13,7,0,6,7
1392664,1,14,5,0,6,5
1392664,1,15,6,0,6,6
1392664,1,16,8,1,7,9
1392664,1,17,9,1,7,10
1392664,1,18,15,1,7,16
1392664,1,19,19,0,6,19
1392664,2,0,2,1,7,3
1392664,2,1,10,0,6,10
1392664,2,2,1,0,6,1
1392664,2,3,3,0,6,3
1392664,2,4,13,0,6,13
1392664,2,5,9,0,6,9
1392664,2,6,18,0,6,18
1392664,2,7,14,0,6,14
1392664,2,8,7,1,7,8
1392664,2,9,6,1,7,7
1392664,2,10,3,1,7,4
1392664,2,11,4,0,6,4
1392664,2,12,2,0,6,2
1392664,2,13,9,0,6,9
1392664,2,14,9,0,6,9
1392664,2,15,16,0,6,16
1392664,2,16,22,0,6,22
1392664,2,17,19,0,6,19
1392665,1,0,9,0,6,9
1392665,1,1,11,2,7,13
1392665,1,2,8,0,6,8
1392665,1,3,10,0,6,10
1392665,1,4,6,0,6,6
1392665,1,5,14,0,6,14
1392665,1,6,5,1,6,6
1392665,1,7,5,0,6,5
1392665,1,8,4,0,6,4
1392665,1,9,9,0,6,9
1392665,1,10,4,0,6,4
1392665,1,11,15,0,6,15
1392665,1,12,13,0,6,13
1392665,1,13,5,0,6,5
1392665,1,14,3,0,6,3
1392665,1,15,5,0,6,5
1392665,1,16,10,1,7,11
1392665,1,17,5,0,6,5
1392665,1,18,10,1,7,11
1392665,1,19,5,1,6,6
1392665,2,0,2,0,6,2
1392665,2,1,6,0,6,6
1392665,2,2,5,0,6,5
1392665,2,3,0,0,6,0
1392665,2,4,5,0,6,5
1392665,2,5,7,0,6,7
1392665,2,6,12,1,7,13
1392665,2,7,4,0,6,4
1392665,2,8,4,0,6,4
1392665,2,9,4,0,6,4
1392665,2,10,6,0,6,6
1392665,2,11,3,1,6,4
1392665,2,12,16,2,8,18
1392665,2,13,0,0,6,0
1392665,2,14,3,1,6,4
1392665,2,15,3,0,6,3
1392665,2,16,12,1,7,13
1392665,2,17,5,0,6,5
1392665,2,18,0,0,2,0
1392666,1,0,6,0,6,6
1392666,1,1,5,2,6,7
1392666,1,2,11,1,7,12
1392666,1,3,1,0,6,1
1392666,1,4,1,0,6,1
1392666,1,5,2,0,6,2
1392666,1,6,3,0,6,3
1392666,1,7,2,0,6,2
1392666,1,8,3,0,6,3
1392666,1,9,5,0,6,5
1392666,1,10,1,0,6,1
1392666,1,11,8,0,6,8
1392666,1,12,1,0,6,1
1392666,1,13,0,0,3,0
1392666,2,0,4,0,6,4
1392666,2,1,7,1,7,8
1392666,2,2,9,0,6,9
1392666,2,3,9,1,7,10
1392666,2,4,3,0,6,3
1392666,2,5,11,0,6,11
1392666,2,6,9,0,5,9
1392667,1,0,6,0,6,6
1392667,1,1,16,0,6,16
1392667,1,2,1,0,6,1
1392667,1,3,7,1,6,8
1392667,1,4,6,0,6,6
1392667,1,5,15,0,6,15
1392667,1,6,2,0,6,2
1392667,1,7,5,0,6,5
1392667,1,8,6,0,6,6
1392667,1,9,4,1,7,5
1392667,1,10,6,0,6,6
1392667,1,11,4,0,6,4
1392667,1,12,7,0,6,7
1392667,1,13,6,0,6,6
1392667,1,14,4,0,6,4
1392667,1,15,5,1,7,6
1392667,1,16,14,3,8,17
1392667,1,17,13,0,6,13
1392667,1,18,14,0,6,14
1392667,1,19,10,0,6,10
1392667,2,0,3,0,6,3
1392667,2,1,9,0,6,9
1392667,2,2,6,0,6,6
1392667,2,3,4,0,6,4
1392667,2,4,11,0,6,11
1392667,2,5,2,0,6,2
1392667,2,6,4,0,6,4
1392667,2,7,2,0,6,2
1392667,2,8,7,0,6,7
1392667,2,9,10,0,6,10
1392667,2,10,15,0,6,15
1392667,2,11,4,0,6,4
1392667,2,12,7,1,6,8
1392667,2,13,2,1,6,3
1392667,2,14,4,0,6,4
1392667,2,15,8,0,6,8
1392667,2,16,4,0,6,4
1392667,2,17,4,0,6,4
1392667,2,18,2,0,6,2
1392667,2,19,8,3,8,11
1392668,1,0,0,0,6,0
1392668,1,1,4,0,6,4
1392668,1,2,3,0,6,3
1392668,1,3,10,0,6,10
1392668,1,4,2,0,6,2
1392668,1,5,18,0,6,18
1392668,1,6,6,0,6,6
1392668,1,7,6,0,6,6
1392668,1,8,7,1,7,8
1392668,1,9,5,0,6,5
1392668,1,10,6,0,6,6
1392668,1,11,9,0,6,9
1392668,1,12,6,0,6,6
1392668,1,13,7,0,6,7
1392668,1,14,13,0,6,13
1392668,1,15,9,0,6,9
1392668,1,16,15,0,6,15
1392668,1,17,10,1,6,11
1392668,1,18,21,1,7,22
1392668,1,19,7,1,7,8
1392668,2,0,7,0,6,7
1392668,2,1,3,0,6,3
1392668,2,2,6,1,7,7
1392668,2,3,3,0,6,3
1392668,2,4,15,2,8,17
1392668,2,5,3,0,6,3
1392668,2,6,4,0,6,4
1392668,2,7,5,1,7,6
1392668,2,8,5,0,6,5
1392668,2,9,8,1,6,9
1392668,2,10,12,4,6,16
1392668,2,11,8,1,7,9
1392668,2,12,5,0,6,5
1392668,2,13,13,1,6,14
1392668,2,14,4,0,6,4
1392668,2,15,21,0,6,21
1392668,2,16,10,4,6,14
1392668,2,17,4,0,6,4
1392668,2,18,11,2,7,13
1392668,2,19,6,1,1,7
1392669,1,0,14,0,6,14
1392669,1,1,9,5,7,14
1392669,1,2,6,0,6,6
1392669,1,3,9,0,6,9
1392669,1,4,4,0,6,4
1392669,1,5,5,0,6,5
1392669,1,6,2,1,7,3
1392669,1,7,2,2,7,4
1392669,1,8,6,0,6,6
1392669,1,9,3,0,6,3
1392669,1,10,16,0,6,16
1392669,1,11,11,0,6,11
1392669,1,12,6,0,6,6
1392669,1,13,3,1,6,4
1392669,1,14,4,0,6,4
1392669,1,15,2,0,6,2
1392669,1,16,8,0,6,8
1392669,1,17,4,1,7,5
1392669,1,18,1,0,3,1
1392669,2,0,4,0,6,4
1392669,2,1,5,0,6,5
1392669,2,2,1,0,6,1
1392669,2,3,5,2,8,7
1392669,2,4,3,0,6,3
1392669,2,5,2,0,6,2
1392669,2,6,4,4,6,8
1392669,2,7,2,0,6,2
1392669,2,8,6,0,6,6
1392669,2,9,3,0,6,3
1392669,2,10,10,0,6,10
1392669,2,11,14,0,6,14
1392669,2,12,3,0,6,3
1392669,2,13,4,0,6,4
1392669,2,14,0,0,6,0
1392669,2,15,8,0,6,8
1392669,2,16,9,1,7,10
1392669,2,17,8,0,6,8
1392669,2,18,17,0,6,17
1392669,2,19,7,0,6,7
1392670,1,0,8,0,6,8
1392670,1,1,6,1,7,7
1392670,1,2,5,0,6,5
1392670,1,3,4,0,6,4
1392670,1,4,14,0,6,14
1392670,1,5,7,0,6,7
1392670,1,6,5,0,6,5
1392670,1,7,4,0,6,4
1392670,1,8,6,0,6,6
1392670,1,9,9,0,6,9
1392670,1,10,9,0,6,9
1392670,1,11,7,0,6,7
1392670,1,12,7,0,6,7
1392670,1,13,10,1,6,11
1392670,1,14,22,0,6,22
1392670,1,15,5,0,6,5
1392670,1,16,10,1,7,11
1392670,1,17,8,0,6,8
1392670,1,18,17,0,6,17
1392670,1,19,24,0,6,24
1392670,2,0,8,5,7,13
1392670,2,1,11,0,6,11
1392670,2,2,8,0,6,8
1392670,2,3,6,2,6,8
1392670,2,4,3,0,6,3
1392670,2,5,3,0,6,3
1392670,2,6,9,1,7,10
1392670,2,7,8,0,6,8
1392670,2,8,0,0,6,0
1392670,2,9,4,0,6,4
1392670,2,10,7,6,7,13
1392670,2,11,4,0,6,4
1392670,2,12,3,0,6,3
1392670,2,13,8,0,6,8
1392670,2,14,5,1,7,6
1392670,2,15,3,1,7,4
1392670,2,16,13,0,6,13
1392670,2,17,6,0,6,6
1392670,2,18,6,0,6,6
1392670,2,19,2,0,3,2
1392671,1,0,7,3,9,10
1392671,1,1,8,0,6,8
1392671,1,2,6,0,6,6
1392671,1,3,1,1,6,2
1392671,1,4,10,0,6,10
1392671,1,5,10,0,6,10
1392671,1,6,6,0,6,6
1392671,1,7,9,1,6,10
1392671,1,8,3,0,6,3
1392671,1,9,3,0,6,3
1392671,1,10,9,0,6,9
1392671,1,11,9,0,6,9
1392671,1,12,14,5,7,19
1392671,1,13,18,0,6,18
1392671,1,14,5,1,7,6
1392671,1,15,7,1,6,8
1392671,1,16,12,2,7,14
1392671,1,17,12,0,6,12
1392671,1,18,8,0,6,8
1392671,1,19,4,0,6,4
1392671,2,0,1,0,6,1
1392671,2,1,9,0,6,9
1392671,2,2,14,0,6,14
1392671,2,3,12,0,6,12
1392671,2,4,6,0,6,6
1392671,2,5,3,0,6,3
1392671,2,6,5,2,7,7
1392671,2,7,13,0,6,13
1392671,2,8,10,0,6,10
1392671,2,9,4,0,6,4
1392671,2,10,6,2,7,8
1392671,2,11,5,3,7,8
1392671,2,12,3,1,7,4
1392671,2,13,9,0,6,9
1392671,2,14,9,0,6,9
1392671,2,15,11,3,8,14
1392671,2,16,7,1,6,8
1392671,2,17,11,0,6,11
1392671,2,18,6,2,7,8
1392671,2,19,13,0,6,13
1392672,1,0,5,1,7,6
1392672,1,1,6,0,6,6
1392672,1,2,3,0,6,3
1392672,1,3,22,1,7,23
1392672,1,4,6,0,4,6
1392673,1,0,7,0,6,7
1392673,1,1,5,0,6,5
1392673,1,2,8,0,6,8
1392673,1,3,5,0,6,5
1392673,1,4,16,1,7,17
1392673,1,5,6,0,6,6
1392673,1,6,2,0,6,2
1392673,1,7,2,0,6,2
1392673,1,8,4,0,6,4
1392673,1,9,16,0,6,16
1392673,1,10,2,1,7,3
1392673,1,11,23,0,6,23
1392673,1,12,4,0,6,4
1392673,1,13,15,4,6,19
1392673,1,14,10,0,6,10
1392673,1,15,8,1,7,9
1392673,1,16,11,0,6,11
1392673,1,17,9,2,7,11
1392673,1,18,19,1,6,20
1392673,1,19,24,2,8,26
1392673,2,0,4,0,6,4
1392673,2,1,8,0,6,8
1392673,2,2,12,0,6,12
1392673,2,3,7,0,6,7
1392673,2,4,10,0,6,10
1392673,2,5,6,0,6,6
1392673,2,6,3,1,7,4
1392673,2,7,3,0,6,3
1392673,2,8,8,0,6,8
1392673,2,9,5,3,7,8
1392673,2,10,3,0,6,3
1392673,2,11,2,0,6,2
1392673,2,12,7,1,7,8
1392673,2,13,0,0,2,0
1392674,1,0,5,0,6,5
1392674,1,1,5,0,6,5
1392674,1,2,9,1,7,10
1392674,1,3,9,0,6,9
1392674,1,4,5,0,6,5
1392674,1,5,9,0,6,9
1392674,1,6,11,2,8,13
1392674,1,7,22,2,8,24
1392674,2,0,18,0,6,18
1392674,2,1,18,0,6,18
1392674,2,2,16,5,7,21
1392674,2,3,20,0,6,20
1392674,2,4,12,1,7,13
1392674,2,5,7,1,5,8
1392675,1,0,6,0,6,6
1392675,1,1,8,1,7,9
1392675,1,2,19,0,6,19
1392675,1,3,10,1,7,11
1392675,1,4,16,1,7,17
1392675,1,5,9,0,6,9
1392675,1,6,5,0,6,5
1392675,1,7,8,0,6,8
1392675,1,8,14,0,6,14
1392675,1,9,9,0,6,9
1392675,1,10,3,0,6,3
1392675,1,11,8,0,6,8
1392675,1,12,11,0,6,11
1392675,1,13,5,0,6,5
1392675,1,14,2,0,6,2
1392675,1,15,2,0,6,2
1392675,1,16,13,0,6,13
1392675,1,17,3,2,7,5
1392675,1,18,3,0,6,3
1392675,1,19,14,1,6,15
1392675,2,0,3,0,6,3
1392675,2,1,5,0,6,5
1392675,2,2,15,0,6,15
1392675,2,3,3,4,6,7
1392675,2,4,8,2,7,10
1392675,2,5,6,1,7,7
1392675,2,6,14,1,7,15
1392675,2,7,2,5,7,7
1392675,2,8,7,0,6,7
1392675,2,9,3,6,8,9
1392675,2,10,8,0,6,8
1392675,2,11,1,0,6,1
1392675,2,12,5,2,7,7
1392675,2,13,10,0,6,10
1392675,2,14,4,0,6,4
1392675,2,15,7,0,6,7
1392675,2,16,4,0,6,4
1392675,2,17,10,3,8,13
1392675,2,18,7,0,6,7
1392675,2,19,19,1,7,20
1392676,1,0,5,0,6,5
1392676,1,1,5,0,6,5
1392676,1,2,9,0,6,9
1392676,1,3,13,0,6,13
1392676,1,4,8,1,6,9
1392676,1,5,0,0,6,0
1392676,1,6,4,1,7,5
1392676,1,7,6,0,6,6
1392676,1,8,1,0,6,1
1392676,1,9,4,0,6,4
1392676,1,10,7,0,6,7
1392676,1,11,4,0,6,4
1392676,1,12,8,0,6,8
1392676,1,13,1,0,6,1
1392676,1,14,1,0,6,1
1392676,1,15,0,0,2,0
1392676,2,0,3,0,6,3
1392676,2,1,1,0,6,1
1392676,2,2,13,0,6,13
1392676,2,3,11,0,6,11
1392676,2,4,4,1,7,5
1392676,2,5,13,0,6,13
1392676,2,6,4,0,6,4
1392676,2,7,2,0,6,2
1392676,2,8,5,1,7,6
1392676,2,9,7,0,6,7
1392676,2,10,14,0,6,14
1392677,1,0,2,0,6,2
1392677,1,1,13,0,6,13
1392677,1,2,18,0,6,18
1392677,1,3,11,0,6,11
1392677,1,4,19,1,6,20
1392677,1,5,1,1,6,2
1392677,1,6,9,0,6,9
1392677,1,7,9,0,6,9
1392677,1,8,3,0,6,3
1392677,1,9,13,3,9,16
1392677,1,10,12,0,6,12
1392677,1,11,11,0,6,11
1392677,1,12,5,0,6,5
1392677,1,13,20,0,6,20
1392677,1,14,19,0,6,19
1392677,1,15,12,0,6,12
1392677,1,16,9,0,6,9
1392677,1,17,5,2,7,7
1392677,1,18,29,1,7,30
1392677,1,19,18,2,8,20
1392677,2,0,23,0,6,23
1392677,2,1,6,0,6,6
1392677,2,2,4,0,6,4
1392677,2,3,1,0,6,1
1392677,2,4,7,0,6,7
1392677,2,5,5,0,6,5
1392677,2,6,3,4,6,7
1392677,2,7,7,1,7,8
1392677,2,8,25,0,6,25
1392677,2,9,8,1,7,9
1392677,2,10,8,1,7,9
1392677,2,11,6,0,6,6
1392677,2,12,9,1,7,10
1392677,2,13,7,0,6,7
1392677,2,14,2,0,6,2
1392677,2,15,4,3,7,7
1392677,2,16,13,2,8,15
1392677,2,17,23,0,6,23
1392677,2,18,18,0,6,18
1392677,2,19,22,0,6,22
1392678,1,0,2,0,6,2
1392678,1,1,5,1,7,6
1392678,1,2,5,0,6,5
1392678,1,3,5,1,7,6
1392678,1,4,5,0,6,5
1392678,1,5,11,0,6,11
1392678,1,6,4,0,6,4
1392678,1,7,4,1,6,5
1392678,1,8,13,0,6,13
1392678,1,9,10,2,8,12
1392678,1,10,16,0,6,16
1392678,1,11,5,1,7,6
1392678,1,12,5,1,7,6
1392678,1,13,15,0,6,15
1392678,1,14,7,0,6,7
1392678,1,15,13,0,6,13
1392678,1,16,9,1,7,10
1392678,1,17,15,8,9,23
1392678,1,18,19,1,7,20
1392678,1,19,18,5,11,23
1392678,2,0,2,0,6,2
1392678,2,1,9,0,6,9
1392678,2,2,10,0,6,10
1392678,2,3,15,0,6,15
1392678,2,4,13,1,7,14
1392678,2,5,13,0,6,13
1392678,2,6,5,0,6,5
1392678,2,7,6,0,6,6
1392678,2,8,2,0,6,2
1392678,2,9,8,0,6,8
1392678,2,10,13,0,6,13
1392678,2,11,5,1,7,6
1392678,2,12,9,0,6,9
1392678,2,13,3,1,7,4
1392678,2,14,8,0,6,8
1392678,2,15,4,1,7,5
1392678,2,16,8,0,6,8
1392678,2,17,5,1,6,6
1392678,2,18,6,0,6,6
1392678,2,19,15,0,6,15
1392679,1,0,6,0,6,6
1392679,1,1,11,0,6,11
1392679,1,2,3,0,6,3
1392679,1,3,9,0,6,9
1392679,1,4,8,1,7,9
1392679,1,5,11,0,6,11
1392679,1,6,13,0,6,13
1392679,1,7,4,0,6,4
1392679,1,8,4,0,6,4
1392679,1,9,5,0,6,5
1392679,1,10,4,0,6,4
1392679,1,11,3,0,6,3
1392679,1,12,9,0,6,9
1392679,1,13,7,0,6,7
1392679,1,14,13,2,7,15
1392679,1,15,8,0,6,8
1392679,1,16,14,1,6,15
1392679,1,17,12,0,6,12
1392679,1,18,9,0,6,9
1392679,1,19,6,0,6,6
1392679,2,0,7,2,8,9
1392679,2,1,2,0,6,2
1392679,2,2,1,0,6,1
1392679,2,3,8,0,6,8
1392679,2,4,9,0,6,9
1392679,2,5,14,0,6,14
1392679,2,6,5,0,6,5
1392679,2,7,4,0,6,4
1392679,2,8,9,0,6,9
1392679,2,9,6,0,6,6
1392679,2,10,8,0,6,8
1392679,2,11,4,0,6,4
1392679,2,12,14,0,6,14
1392679,2,13,14,0,6,14
1392679,2,14,4,0,6,4
1392679,2,15,11,1,7,12
1392679,2,16,9,1,7,10
1392679,2,17,6,1,7,7
1392679,2,18,16,1,7,17
1392679,2,19,10,0,4,10
1392680,1,0,7,0,6,7
1392680,1,1,7,0,6,7
1392680,1,2,11,1,7,12
1392680,1,3,2,0,6,2
1392680,1,4,9,0,6,9
1392680,1,5,11,0,6,11
1392680,1,6,7,0,6,7
1392680,1,7,13,0,6,13
1392680,1,8,8,0,6,8
1392680,1,9,11,0,6,11
1392680,1,10,5,0,6,5
1392680,1,11,12,0,6,12
1392680,1,12,8,1,7,9
1392680,1,13,14,0,6,14
1392680,1,14,9,0,6,9
1392680,1,15,11,0,6,11
1392680,1,16,2,2,8,4
1392680,1,17,16,7,8,23
1392680,1,18,22,0,6,22
1392680,1,19,7,0,6,7
1392680,2,0,8,2,8,10
1392680,2,1,4,0,6,4
1392680,2,2,8,0,6,8
1392680,2,3,20,0,6,20
1392680,2,4,12,2,8,14
1392680,2,5,19,0,6,19
1392680,2,6,3,4,6,7
1392680,2,7,12,0,6,12
1392680,2,8,8,0,6,8
1392680,2,9,8,0,6,8
1392680,2,10,3,1,7,4
1392680,2,11,13,0,6,13
1392680,2,12,10,1,7,11
1392680,2,13,9,0,6,9
1392680,2,14,4,0,6,4
1392680,2,15,7,0,6,7
1392680,2,16,1,0,6,1
1392680,2,17,16,1,7,17
1392680,2,18,15,0,6,15
1392680,2,19,18,0,5,18
1392681,1,0,8,1,7,9
1392681,1,1,6,0,6,6
1392681,1,2,4,0,6,4
1392681,1,3,11,1,7,12
1392681,1,4,10,1,6,11
1392681,1,5,11,0,6,11
1392681,1,6,4,0,6,4
1392681,1,7,6,0,6,6
1392681,1,8,2,0,6,2
1392681,1,9,11,0,6,11
1392681,1,10,5,0,6,5
1392681,1,11,4,0,6,4
1392681,1,12,13,0,6,13
1392681,1,13,4,0,6,4
1392681,1,14,11,0,6,11
1392681,1,15,8,0,6,8
1392681,1,16,10,0,6,10
1392681,1,17,11,0,6,11
1392681,1,18,8,0,6,8
1392681,1,19,8,1,7,9
1392681,2,0,3,0,6,3
1392681,2,1,5,1,7,6
1392681,2,2,8,0,6,8
1392681,2,3,6,0,6,6
1392681,2,4,7,2,7,9
1392681,2,5,8,1,6,9
1392681,2,6,5,0,6,5
1392681,2,7,4,1,7,5
1392681,2,8,9,1,7,10
1392681,2,9,14,0,6,14
1392681,2,10,7,0,6,7
1392681,2,11,6,1,6,7
1392681,2,12,9,0,6,9
1392681,2,13,5,0,6,5
1392681,2,14,9,0,6,9
1392681,2,15,8,0,6,8
1392681,2,16,9,1,7,10
1392681,2,17,7,1,6,8
1392681,2,18,14,0,6,14
1392681,2,19,13,0,5,13
1392682,1,0,1,0,6,1
1392682,1,1,15,1,7,16
1392682,1,2,2,0,6,2
1392682,1,3,5,0,6,5
1392682,1,4,11,0,6,11
1392682,1,5,10,0,6,10
1392682,1,6,4,0,6,4
1392682,1,7,9,0,6,9
1392682,1,8,4,0,6,4
1392682,1,9,9,2,7,11
1392682,1,10,7,0,6,7
1392682,1,11,10,0,6,10
1392682,1,12,15,0,6,15
1392682,1,13,5,0,6,5
1392682,1,14,8,0,6,8
1392682,1,15,7,0,6,7
1392682,1,16,5,0,6,5
1392682,1,17,8,0,6,8
1392682,1,18,11,0,6,11
1392682,1,19,7,1,6,8
1392682,2,0,1,2,7,3
1392682,2,1,7,1,6,8
1392682,2,2,1,1,7,2
1392682,2,3,0,0,6,0
1392682,2,4,2,0,6,2
1392682,2,5,3,0,6,3
1392682,2,6,7,1,6,8
1392682,2,7,8,1,6,9
1392682,2,8,9,0,6,9
1392682,2,9,3,0,6,3
1392682,2,10,10,0,6,10
1392682,2,11,5,0,6,5
1392682,2,12,11,0,6,11
1392682,2,13,8,0,6,8
1392682,2,14,5,0,6,5
1392682,2,15,10,0,6,10
1392682,2,16,4,0,6,4
1392682,2,17,2,1,6,3
1392682,2,18,3,0,6,3
1392682,2,19,0,0,3,0
1392683,1,0,5,1,7,6
1392683,1,1,14,0,6,14
1392683,1,2,6,0,6,6
1392683,1,3,13,0,6,13
1392683,1,4,4,0,6,4
1392683,1,5,5,1,7,6
1392683,1,6,5,0,6,5
1392683,1,7,6,0,6,6
1392683,1,8,12,0,6,12
1392683,1,9,13,0,6,13
1392683,1,10,2,0,6,2
1392683,1,11,3,0,6,3
1392683,1,12,5,0,6,5
1392683,1,13,6,1,6,7
1392683,1,14,3,4,6,7
1392683,1,15,6,0,6,6
1392683,1,16,11,0,6,11
1392683,1,17,6,0,6,6
1392683,1,18,5,1,6,6
1392683,2,0,3,0,6,3
1392683,2,1,18,0,6,18
1392683,2,2,8,2,8,10
1392683,2,3,14,0,6,14
1392683,2,4,9,1,6,10
1392683,2,5,5,3,9,8
1392683,2,6,12,2,8,14
1392683,2,7,10,0,6,10
1392683,2,8,7,0,6,7
1392683,2,9,9,0,6,9
1392683,2,10,5,0,6,5
1392683,2,11,9,0,6,9
1392683,2,12,14,3,9,17
1392683,2,13,5,0,2,5
1392684,1,0,9,0,6,9
1392684,1,1,10,0,6,10
1392684,1,2,10,0,6,10
1392684,1,3,5,1,6,6
1392684,1,4,6,0,6,6
1392684,1,5,5,0,6,5
1392684,1,6,6,0,6,6
1392684,1,7,12,0,6,12
1392684,1,8,9,0,6,9
1392684,1,9,4,0,6,4
1392684,1,10,13,0,6,13
1392684,1,11,5,0,6,5
1392684,1,12,4,0,6,4
1392684,1,13,10,0,6,10
1392684,1,14,29,0,6,29
1392684,1,15,14,0,6,14
1392684,1,16,11,0,6,11
1392684,1,17,29,0,6,29
1392684,1,18,6,0,6,6
1392684,1,19,12,1,7,13
1392684,2,0,3,0,6,3
1392684,2,1,2,0,6,2
1392684,2,2,9,0,6,9
1392684,2,3,2,0,6,2
1392684,2,4,12,0,6,12
1392684,2,5,4,0,6,4
1392684,2,6,18,0,6,18
1392684,2,7,5,0,6,5
1392684,2,8,12,3,9,15
1392684,2,9,7,1,6,8
1392684,2,10,4,1,7,5
1392684,2,11,8,3,9,11
1392684,2,12,14,0,6,14
1392684,2,13,6,0,6,6
1392684,2,14,11,0,6,11
1392684,2,15,2,1,7,3
1392684,2,16,11,1,7,12
1392684,2,17,1,1,5,2
1392685,1,0,9,0,6,9
1392685,1,1,5,1,7,6
1392685,1,2,9,0,6,9
1392685,1,3,10,0,6,10
1392685,1,4,7,0,6,7
1392685,1,5,14,0,6,14
1392685,1,6,9,0,6,9
1392685,1,7,14,0,6,14
1392685,1,8,11,1,6,12
1392685,1,9,11,0,6,11
1392685,1,10,5,0,6,5
1392685,1,11,8,1,6,9
1392685,1,12,8,0,6,8
1392685,1,13,12,0,6,12
1392685,1,14,4,0,6,4
1392685,1,15,6,0,6,6
1392685,1,16,13,0,6,13
1392685,1,17,20,0,6,20
1392685,1,18,16,0,6,16
1392685,1,19,10,0,6,10
1392685,2,0,1,0,6,1
1392685,2,1,4,0,6,4
1392685,2,2,2,0,6,2
1392685,2,3,4,0,6,4
1392685,2,4,5,0,6,5
1392685,2,5,9,2,7,11
1392685,2,6,14,1,7,15
1392685,2,7,10,0,6,10
1392685,2,8,3,0,6,3
1392685,2,9,8,0,6,8
1392685,2,10,6,1,7,7
1392685,2,11,7,0,6,7
1392685,2,12,7,0,6,7
1392685,2,13,9,0,6,9
1392685,2,14,7,0,6,7
1392685,2,15,8,0,6,8
1392685,2,16,7,0,6,7
